industry_name,top_10_skills
Advertising Services,"agile, automation, collaboration, devops, innovation, javascript, leadership, python, sql, writing"
Agricultural Chemical Manufacturing,"agile, initiative, leadership, writing"
Airlines and Aviation,"c++, communication, debugging, hardware, organization, problem-solving, programming, python, teamwork, writing"
"Appliances, Electrical, and Electronics Manufacturing","agile, algorithms, communication, organization, decision-making, innovation, interpersonal, leadership innovation, scripting, testing"
Automation Machinery Manufacturing,"automation, automation testing, bash, docker, jenkins, programming, python, sql, testing, writing"
Automotive,"c++, communication, innovation, innovation testing, testing, typescript"
Aviation and Aerospace Component Manufacturing,"agile, agile networking, c++, communication, interpersonal, java, networking, python, testing, writing"
Banking,"agile, agile flexibility, automation, collaboration, devops, problem-solving microservices, testing, writing"
Biotechnology,"collaboration, communication, innovation"
Biotechnology Research,"agile, c#, c++, collaboration, hardware, innovation, organization, problem-solving, programming initiative"
Book and Periodical Publishing,"adaptability, containerization, organization, terraform, testing"
Broadcast Media Production and Distribution,"collaboration, communication, innovation, problem-solving, programming"
Business Consulting and Services,"automation, c++, communication, debugging, innovation c++, innovation hardware, programming, python, testing, writing"
Chemical Manufacturing,"communication, initiative, interpersonal, organization, problem-solving, programming, testing"
Civil Engineering,"agile, c++, docker, java, programming"
Computer Games,"agile sql, agile testing, blockchain, c#, communication, networking, networking sql, planning, problem-solving, programming"
Computer Hardware Manufacturing,"communication, problem-solving hardware, rust, teamwork"
Computer Networking,"automation, leadership, networking, organization, planning, programming, python, testing"
Computer Networking Products,"debugging, kubernetes, networking, programming, testing"
Computer and Network Security,"collaboration, communication, cybersecurity, flexibility, innovation, leadership, php, programming, python, testing"
Consumer Electronics,"automation, communication, devops, php, problem-solving devops, programming, python, sql, testing"
Consumer Services,"algorithms, c#, flexibility communication, go python, innovation react, node.js, planning, react, ruby, testing"
Data Infrastructure and Analytics,"blockchain, java, python, typescript"
Defense & Space,"hardware, testing"
Defense and Space Manufacturing,"agile, automation, c++, communication, devops, leadership, planning, programming, python, testing"
Design Services,"agile, collaboration, communication, javascript, leadership, programming, react, ruby, spark testing"
E-Learning Providers,"agile, collaboration creativity, collaboration programming, problem-solving, programming, python, writing"
Education Administration Programs,"automation, empathy"
Engineering Services,"automation, c++, communication, devops, hardware, programming, python, sql, testing"
Entertainment Providers,"algorithms, automation, c#, communication, creativity, go, nosql, programming, sql, testing"
Environmental Services,"agile, communication, react, testing, typescript"
Facilities Services,"algorithms, testing"
Farming,"devops, docker"
Financial Services,"agile, agile agile, automation, communication, docker, go, java, node.js, nosql, programming"
Food and Beverage Manufacturing,"devops, leadership, microservices, problem-solving, react"
Food and Beverage Services,"agile, collaboration, communication, flexibility, innovation, javascript, programming, ruby, testing, writing"
Higher Education,"communication, decision-making automation, flexibility, hardware, java, problem-solving, programming, scripting, sql, testing"
Hospitality,"agile, automation, communication, interpersonal, leadership, leadership problem-solving, programming, python, spring, testing"
Hospitals and Health Care,"agile, communication, flexibility, java, javascript, leadership, nosql, organization, planning, testing"
Human Resources Services,"agile, agile programming, communication, css, docker, hardware, javascript, nosql, programming"
IT Services and IT Consulting,"agile, automation, communication, java, problem-solving, programming, python, spring, sql, testing"
IT System Custom Software Development,"c++, collaboration, communication, decision-making, javascript, javascript c++, problem-solving, programming, sql"
Industrial Machinery Manufacturing,"automation, debugging, programming, scripting, testing"
Information Services,"agile, automation, c#, communication, java, javascript, programming, python, sql, testing"
Information Technology & Services,"agile, communication, java, java programming, problem-solving, problem-solving teamwork, react, sql  java, testing"
Insurance,"agile, communication, devops, java, organization, programming, react, spring, sql, testing"
Internet Marketplace Platforms,"automation, collaboration, communication, encryption, go, hardware, programming, python, testing"
Internet News,"agile, automation, communication planning, debugging, leadership, listening, python, testing, writing"
Internet Publishing,"communication, networking, react, spark, teamwork"
Investment Management,"communication, communication testing, interpersonal, problem-solving, programming, sql, testing, testing java, writing"
Law Practice,"c#, collaboration, devops, initiative, innovation, leadership, organization"
Machinery Manufacturing,"algorithms, angular, automation, hardware agile, leadership, problem-solving, programming, sql, testing"
Manufacturing,java
Maritime Transportation,"collaboration, communication, debugging, java, java collaboration, programming, react, spring, sql"
Market Research,"agile, organization, programming, scripting"
Media Production,"css, devops, html, javascript, scripting"
Medical Equipment Manufacturing,"c#, c++, communication, debugging, hardware, interpersonal, organization, programming, sql, testing"
Mental Health Care,"collaboration, containerization, kubernetes, leadership, planning"
Mining,"angular, communication, debugging, devops, problem-solving, sql, sql testing, testing, writing"
Motor Vehicle Manufacturing,"agile, communication, docker, java, nosql, problem-solving, programming, python, spring, sql"
Musicians,"blockchain, collaboration, go, java, leadership, teamwork"
Non-profit Organizations,"agile, angular, automation, debugging, java, problem-solving, programming, testing"
Oil and Gas,"collaboration organization, communication, debugging, debugging java, java, microservices, networking, problem-solving, programming, spring"
Outsourcing and Offshoring Consulting,hardware
Pharmaceutical Manufacturing,"angular, devops, nosql, problem-solving, spring, typescript"
Professional Services,"angular, go, java, leadership"
Public Safety,"agile, communication, hardware planning, hardware programming, planning, python, testing"
Real Estate,"asp.net, communication, communication collaboration, css, node.js, planning, programming, react, writing"
Renewable Energy Power Generation,"communication, hardware, programming, testing hardware"
Research Services,"agile, agile problem-solving, algorithms, c++, debugging, hardware, programming, scripting, testing"
Restaurants,"agile, leadership, programming, testing, writing"
Retail,"agile, automation, collaboration, communication, java, javascript, programming, spring, sql, testing"
Retail Apparel and Fashion,"agile, collaboration, communication, problem-solving"
Retail Office Equipment,"algorithms, nosql, scripting, sql"
Robotics Engineering,"automation, hardware, networking, programming, python, teamwork"
Semiconductor Manufacturing,"algorithms, automation, c++, communication, flexibility, hardware, innovation, leadership, programming, virtualization"
Software Development,"agile, automation, communication, leadership, problem-solving, programming, python, react, sql, testing"
Staffing and Recruiting,"agile, automation, c++, communication, hardware, leadership, programming, python, sql, testing"
"Technology, Information and Internet","agile, automation, communication, initiative, java, leadership, programming, sql, testing, writing"
"Technology, Information and Media","agile, communication, django, problem-solving, problem-solving automation, python, ruby, testing, writing"
Telecommunications,"automation, programming, communication, testing, decision-making, java, problem-solving, programming, python c++, sql programming"
"Transportation, Logistics, Supply Chain and Storage"," collaboration, devops, go, java, leadership, programming, python, sql, testing"
Truck Transportation,"agile, communication, java, leadership, organization, planning, programming, sql, testing"
Utilities,"agile, c++ testing, communication, debugging, decision-making, hardware, planning, programming, sql, testing"
Veterinary Services,"agile, java, javascript, node.js, programming, react, spring, sql"
Wellness and Fitness Services,"teamwork, communication"
Wholesale Building Materials,"communication, css, leadership, php, problem-solving, react, teamwork"
Writing and Editing,"java, node.js"
