industry_name,top_skills
Advertising Services,"collaboration, automation, resilience, css, javascript, python, c#, sql, agile, virtualization, containerization, writing, devops, debugging, programming, leadership, devops, agile, flexibility, go agile, leadership, writing, nosql, java, cybersecurity, innovation, agile, collaboration, go, writing, sql, docker"
Agricultural Chemical Manufacturing,"initiative, leadership, writing, agile"
Airlines and Aviation,"organization, programming, debugging, programming, programming, problem-solving, teamwork writing, c++, hardware, hardware, hardware, hardware, c++, communication, python"
"Appliances, Electrical, and Electronics Manufacturing","innovation, communication organization, interpersonal, communication, leadership innovation, algorithms, decision-making, innovation, agile, collaboration flexibility, testing, debugging, communication, interpersonal, communication hardware, testing, scripting, leadership, testing algorithms, hardware innovation, agile, microservices, java algorithms, planning, programming, c#, java, networking, scripting, communication, agile flexibility, c++, hardware  organization, organization, agile"
Automation Machinery Manufacturing,"python, automation, programming, sql, sql, automation testing, testing, bash, writing, jenkins, docker, writing"
Automotive,"testing, typescript, communication, c++, innovation testing, typescript, communication, c++, innovation"
Aviation and Aerospace Component Manufacturing,"java, writing, interpersonal, communication, agile networking, networking, agile, c++, agile, agile, communication networking, networking, agile, c++, networking, communication, debugging, agile, agile, communication hardware, python, typescript, javascript, python, kubernetes hardware, devops, testing, testing, c++, bash, scripting, agile, communication planning, hardware, communication, communication, planning communication, containerization, communication, communication"
Banking,"agile, testing, agile, agile, agile flexibility, agile, devops, writing, collaboration, agile, devops, problem-solving microservices, automation"
Biotechnology,"innovation, innovation, collaboration, communication"
Biotechnology Research,"innovation, hardware, programming, collaboration, problem-solving, agile, c++, c#, programming initiative, organization, leadership, programming, scripting, python, docker, agile, hardware, testing"
Book and Periodical Publishing,"organization, organization, adaptability, containerization, testing, testing, terraform"
Broadcast Media Production and Distribution,"innovation, programming programming, problem-solving, communication, collaboration"
Business Consulting and Services,"java, innovation c++, programming, c++, communication, interpersonal, c++, c++, innovation hardware, programming, organization, debugging, communication, innovation c++, agile, innovation testing, innovation hardware, automation, testing, python, programming networking, testing, testing, innovation networking, debugging, rust, hardware, c++, innovation communication, testing, testing, writing, automation, innovation agile, collaboration, leadership, hardware writing, testing, writing, programming, writing, devops, innovation python, testing, c++, communication, python, testing, innovation"
Chemical Manufacturing,"organization, testing, programming, problem-solving, communication, interpersonal, organization, initiative"
Civil Engineering,"java, agile, docker, java, programming, c++"
Computer Games,"planning, programming, communication, networking sql, c#, networking, networking, agile sql, c#, networking, networking, agile sql, c#, networking, networking, agile testing, programming, problem-solving, blockchain, programming"
Computer Hardware Manufacturing,"problem-solving hardware, communication, teamwork, rust"
Computer Networking,"networking, automation, testing, testing, leadership, planning, automation, python, programming, organization"
Computer Networking Products,"networking, networking, programming, testing, networking, kubernetes, networking, networking, networking, debugging"
Computer and Network Security,"networking, programming, networking, networking testing, testing, agile, communication innovation, cybersecurity, flexibility, kubernetes, algorithms, communication, programming, go, node.js, testing, communication, innovation, collaboration, innovation algorithms, innovation, communication, python, nosql cybersecurity, cybersecurity, leadership, collaboration, devops, leadership, programming, python, kubernetes algorithms, innovation, communication, python, nosql  cybersecurity, cybersecurity, flexibility, collaboration, flexibility, innovation, collaboration, teamwork, devops, programming, collaboration, communication, cybersecurity, cybersecurity cybersecurity, cybersecurity, flexibility, collaboration, flexibility, innovation, java, angular, nosql, testing cybersecurity, organization, python, ruby, testing, programming cybersecurity, cybersecurity, collaboration, python, problem-solving, leadership, collaboration, communication cybersecurity, cybersecurity, flexibility, collaboration, flexibility, innovation, cybersecurity, programming, cybersecurity, cybersecurity cybersecurity, cybersecurity, flexibility, collaboration, flexibility, innovation, cybersecurity, programming, cybersecurity, cybersecurity cybersecurity, cybersecurity, flexibility, collaboration, flexibility, innovation, cybersecurity, programming, cybersecurity, cybersecurity innovation, cybersecurity, flexibility, collaboration, testing, java, react, innovation, collaboration, innovation innovation, cybersecurity, flexibility, python, innovation, collaboration, innovation testing, javascript, react, css, writing, networking, networking cybersecurity, cybersecurity, flexibility, collaboration, flexibility, innovation, cybersecurity, cybersecurity, cybersecurity, java testing, leadership, collaboration, programming, networking, agile cybersecurity, php, agile, laravel, php, php, programming, laravel, php, writing, agile"
Consumer Electronics,"communication, sql, programming, communication, php, problem-solving devops, devops, testing, python, scripting, jenkins, automation, virtualization, automation, ansible, c++"
Consumer Services,"c#, testing, flexibility communication, planning, algorithms, go python, ruby, innovation react, react, node.js, javascript, css, html, flexibility collaboration, innovation, flexibility, node.js, php, sql, agile, microservices, empathy testing, node.js, communication, empathy, communication"
Data Infrastructure and Analytics,"blockchain, java, typescript, python"
Defense & Space,"hardware, testing, hardware"
Defense and Space Manufacturing,"decision-making, hadoop algorithms, c++, c++, hardware, flexibility, resilience, innovation agile, automation, automation, devops, innovation, creativity programming, java, scripting, programming, ruby, testing, presentation, testing organization, planning, hardware, leadership, agile, hardware, hardware  java, testing, spring java networking, debugging, programming, planning, testing, communication, planning, planning, planning, planning, initiative devops, devops, programming, bash, collaboration, cybersecurity hardware, programming, organization innovation, communication  hardware, programming, networking, communication, planning, organization networking, debugging, programming, planning, testing, communication, planning, planning, planning, planning, initiative collaboration networking, debugging, programming, planning, testing, communication, planning, planning, planning, planning, initiative networking, debugging, programming, planning, testing, communication, planning, planning, planning, planning, initiative networking, debugging, c++, rust, planning, testing, communication, planning, planning, initiative agile, multitasking, hardware, communication, express, writing, agile, communication, javascript, organization devops, debugging, python, python, python, javascript, python, python, javascript devops, devops, devops, devops, devops, devops, swift, devops, leadership, flexibility, communication, collaboration, devops, devops, scripting, automation, automation, networking, kubernetes, containerization, communication, interpersonal, problem-solving, initiative, collaboration, organization, kubernetes, devops virtualization, communication c++, c++, programming, testing, hardware, hardware, hardware hardware, testing, testing, c++, scripting, python, communication, interpersonal, problem-solving, agile, leadership flexibility devops, leadership, testing, automation, interpersonal, python, scripting, testing, automation, scripting, automation, python, scripting, automation, automation, leadership, python, bash, agile, automation, testing, containerization, containerization organization, agile, agile, communication, interpersonal, problem-solving, teamwork agile, c++, cybersecurity, cybersecurity, python, docker, testing, java, containerization, cybersecurity, problem-solving, cybersecurity, networking, innovation agile, c++, cybersecurity, cybersecurity, python, docker, testing, java, containerization, cybersecurity, problem-solving, cybersecurity, networking, innovation agile, testing, testing, c++, java, leadership, innovation collaboration, agile leadership, leadership, testing, communication, agile testing, leadership, communication, hardware leadership, communication, planning, algorithms leadership, debugging c++, agile, programming, agile, leadership, leadership, agile, communication programming, c++, programming, python, programming, programming, python, c++, collaboration, creativity"
Design Services,"collaboration, programming, ruby, javascript, communication, communication, react, ruby, communication, communication, agile, leadership, collaboration, spark testing, hardware, communication, interpersonal"
E-Learning Providers,"writing, agile, python, collaboration creativity, writing, agile, collaboration programming, programming, programming, problem-solving, agile"
Education Administration Programs,"empathy, automation"
Engineering Services,"hardware, programming, python, hardware, communication, hardware, debugging c++, programming, c++, testing, leadership, problem-solving, communication, teamwork, c++, programming c++, programming testing, sql, automation, communication, java, programming, testing, sql, automation, automation devops, algorithms, devops, python, python, python, sql, sql, agile, debugging, devops, collaboration, communication, interpersonal, python, c#, devops"
Entertainment Providers,"react, innovation react, innovation react, innovation creativity, creativity, hadoop, creativity flexibility, innovation, javascript, flexibility, leadership, javascript, react, automation, css, html, css innovation, creativity, automation, automation, testing, programming, automation, testing, problem-solving, collaboration, communication, react, node.js, agile, writing  innovation, agile, interpersonal, programming creativity, creativity, algorithms, algorithms, planning, c++, communication, leadership, creativity sql, writing, kubernetes, docker, programming, collaboration c#, algorithms, c#, sql, nosql, c#, debugging, sql, nosql, microservices, writing leadership, leadership, testing, programming, programming, sql, nosql creativity, creativity, express, innovation, communication, collaboration, creativity, problem-solving, creativity c#, algorithms, c#, sql, nosql, c#, debugging, sql, nosql, microservices, writing collaboration, testing, collaboration, html, react creativity, creativity, go, creativity creativity, creativity, go, creativity creativity, creativity, go, creativity creativity, creativity, go, creativity flexibility, testing, java, programming, java java, agile, java, spring, interpersonal, communication, communication"
Environmental Services,"react, agile, testing, communication, react, typescript, communication"
Facilities Services,"algorithms, testing, algorithms"
Farming,"docker, devops"
Financial Services,"flexibility, planning, automation, communication, presentation, problem-solving, organization, networking programming, nosql, docker, go, agile kafka, agile, programming, nosql, docker, node.js, agile programming, nosql, docker, go, agile programming, nosql, docker, go, agile programming, nosql, docker, node.js, agile leadership, programming, nosql, docker, sql, python, agile, communication programming, nosql, docker, node.js, agile programming, nosql, docker, node.js, agile leadership, programming, nosql, docker, sql, python, agile, communication programming, nosql, docker, node.js, agile testing, agile, microservices, python, nosql, agile, agile, communication, interpersonal, problem-solving, motivation programming, nosql, docker, node.js, agile programming, nosql, docker, go, agile programming, nosql, docker, node.js, agile agile, programming, kafka, docker, agile programming, nosql, docker, node.js, agile spring, agile, programming, nosql, docker, node.js, agile leadership, programming, nosql, docker, sql, python, agile, communication leadership, programming, nosql, docker, sql, python, agile, communication programming, nosql, docker, node.js, agile programming, nosql, docker, node.js, agile spring, agile, programming, nosql, docker, node.js, agile blockchain, testing, blockchain, microservices, react, docker programming, nosql, docker, node.js, agile agile, programming, nosql, docker, go, agile leadership, programming, nosql, docker, sql, python, agile, communication kubernetes, kubernetes, kubernetes, kubernetes, kubernetes, networking, debugging, kubernetes, kubernetes programming, nosql, docker, node.js, agile kafka, agile, programming, nosql, docker, node.js, agile spring, agile, programming, nosql, docker, node.js, agile programming, nosql, docker, node.js, agile agile, programming, nosql, docker, node.js, agile automation, organization, agile, programming, java, automation, agile, agile, automation, automation, agile, automation, organization, agile, go, go automation, organization, agile, programming, java, automation, agile, agile, automation, automation, agile, automation, organization, agile, go, go automation, organization, agile, programming, java, automation, agile, agile, automation, automation, agile, automation, organization, agile, go, go flexibility, leadership, go, kubernetes, communication, collaboration, leadership, flexibility, initiative automation java, spring algorithms, python, flexibility interpersonal, communication, java, spring, sql, microservices, python, kafka, java communication, teamwork, agile, leadership, innovation, programming, javascript, node.js, agile, communication, collaboration, java, java, java, spring, nosql, programming, testing java, planning java, planning java, planning flexibility, planning, flexibility, initiative problem-solving, communication, agile, sql, devops java, spring, planning programming, leadership, debugging, programming, sql, scripting, sql, agile kafka, agile, programming, nosql, docker, node.js, agile programming, nosql, docker, node.js, agile kafka, agile, programming, nosql, docker, node.js, agile agile, programming, nosql, docker, typescript, agile, cybersecurity, testing agile, programming, nosql, docker, node.js, agile agile, programming, nosql, docker, typescript, agile, cybersecurity, testing agile, programming, nosql, docker, typescript, agile, cybersecurity, testing agile, programming, nosql, docker, typescript, agile, cybersecurity, testing agile, programming, nosql, docker, node.js, agile agile, programming, nosql, docker, spring, agile programming, nosql, docker, node.js, agile agile, programming, nosql, docker, spring, agile programming, nosql, docker, go, agile microservices, agile, javascript, programming, css, agile, sql microservices, microservices, jenkins, terraform, angular, agile, sql automation, testing, testing, automation, agile, programming, nosql, docker, node.js, agile agile, collaboration, microservices, java, agile, programming, nosql, docker, go, agile automation, testing, testing, automation, agile, programming, nosql, docker, node.js, agile agile, agile, swift, leadership, swift, swift, agile agile, collaboration, microservices, java, agile, programming, nosql, docker, go, agile microservices, agile, programming, nosql, docker, go, agile agile, programming, nosql, docker, node.js, agile programming, nosql, docker, go, agile agile, collaboration, microservices, java, agile, programming, nosql, docker, go, agile agile, collaboration, microservices, java, agile, programming, nosql, docker, go, agile programming, nosql, docker, go, agile agile, collaboration, microservices, java, agile, programming, nosql, docker, go, agile agile, collaboration, microservices, java, agile, programming, nosql, docker, go, agile programming, nosql, docker, go, agile programming, nosql, docker, spark, go, agile automation, testing, testing, automation, agile, programming, nosql, docker, node.js, agile agile, programming, nosql, docker, node.js, agile programming, nosql, docker, go, agile agile, collaboration, microservices, java, agile, programming, nosql, docker, go, agile agile, programming, nosql, docker, node.js, agile innovation, planning, automation, automation, testing, automation, programming, node.js, java, automation, automation, testing, testing, networking, planning flexibility, kubernetes, kubernetes, kubernetes, kubernetes, kubernetes, kubernetes, kubernetes agile, algorithms, programming, agile, java, spring, sql, testing, automation, sql, sql, sql leadership, innovation, spring, kubernetes, planning, programming, problem-solving, communication, programming, python, kafka planning planning algorithms, planning programming, planning algorithms, planning programming, planning typescript, communication, communication, python, problem-solving organization sql, communication organization collaboration, c++, testing, python, testing, programming, c++, programming agile, planning, problem-solving, go, c#, agile, communication, teamwork microservices, communication, collaboration agile, angular, java, spring, collaboration, leadership, collaboration, java, sql, leadership, go, go agile, algorithms, programming, spring, automation, programming, agile, programming innovation, planning agile, programming, decision-making, programming, agile, testing, debugging, programming collaboration, devops, collaboration algorithms, programming, agile, spark, java agile, agile, agile, agile, sql, spring, networking, problem-solving collaboration, initiative, initiative, problem-solving, communication, blockchain, go collaboration, initiative, initiative, problem-solving, communication, blockchain, go agile, algorithms, programming, agile  programming, spark, nosql, docker, node.js, agile leadership, initiative, programming, javascript, css agile, programming, nosql, docker, go, agile agile, programming, nosql, docker, node.js, agile agile, programming, nosql, docker, go, agile communication, leadership, microservices, jenkins, terraform, communication, presentation, leadership, go, microservices, agile, go collaboration, initiative, initiative, problem-solving, communication, blockchain, go communication, leadership, css, microservices, jenkins, terraform, communication, presentation, leadership, angular, microservices, agile, sql agile, programming, nosql, docker, node.js, agile kotlin, rust, swift, kotlin, rust, blockchain, go agile, programming, nosql, docker, go, agile agile, programming, nosql, docker, go, agile agile, angular, java, spring, collaboration, leadership, collaboration, java, sql, leadership, go, go agile, programming, nosql, docker, node.js, agile programming, spark, nosql, docker, node.js, agile writing, agile, sql, communication, networking, go programming, angular, java, spring, kotlin, sql angular, c#, angular, c#, programming, angular, c#, angular, c#, bootstrap, agile, problem-solving, communication, collaboration devops, devops, testing, programming, sql, programming, c#, javascript, scripting, devops, teamwork python, programming, programming, spark, programming, nosql, communication, flexibility typescript, innovation, python, typescript, react, react, typescript, docker, kubernetes, sql innovation, planning, agile flexibility, leadership, communication programming, programming, collaboration, agile, spring, testing, planning, java, angular, communication, automation, kafka, kubernetes innovation, planning, spring programming, programming, collaboration, agile, spring, testing, planning, java, angular, communication, automation, kafka, kubernetes writing, agile, sql, communication, networking, go angular, c#, angular, c#, programming, angular, c#, angular, c#, bootstrap, agile, problem-solving, communication, collaboration agile, agile, kotlin, leadership, kotlin, kotlin, agile innovation, organization, innovation, agile, python, agile agile, agile, kotlin, leadership, kotlin, kotlin, agile agile, programming, nosql, docker, go, agile, cybersecurity, testing agile, agile, swift, leadership, swift, swift, agile microservices, programming, javascript, typescript, java, agile agile, programming, nosql, docker, go, agile, cybersecurity, testing agile, programming, nosql, docker, sql, agile motivation, go, c++, c++, containerization, agile agile, programming, nosql, docker, node.js, kubernetes, docker, agile motivation, go, c++, c++, containerization, agile innovation, organization, innovation, agile, python, agile agile, programming, nosql, docker, go, agile, cybersecurity, testing motivation, go, c++, c++, containerization, agile agile, nosql, docker, python, agile motivation, go, c++, c++, containerization, agile agile, programming, nosql, docker, node.js, kubernetes, docker, agile microservices, microservices, programming, javascript, typescript, java, agile agile, programming, nosql, docker, node.js, kubernetes, docker, agile motivation, go, c++, c++, containerization, agile java, java, testing, collaboration, java, programming, communication organization, debugging, testing, agile, communication, go, go organization, debugging, testing, agile, communication, go, go organization, debugging, testing, agile, communication, go, go problem-solving, innovation, writing, sql, innovation, problem-solving, presentation, interpersonal, communication kotlin, rust, swift, kotlin, rust, blockchain, go python, problem-solving flexibility, leadership, communication organization, python, programming, testing, devops, automation, jenkins, writing, problem-solving, collaboration, go, go organization, python, programming, testing, devops, automation, jenkins, writing, problem-solving, collaboration, go, go organization, python, programming, testing, devops, automation, jenkins, writing, problem-solving, collaboration, go, go automation innovation, planning innovation, planning, sql, java agile, programming, decision-making, programming, agile, testing, debugging, programming organization, python, programming, testing, devops, automation, jenkins, writing, problem-solving, collaboration, go, go agile, programming, nosql, docker, spring, agile programming, nosql, docker, go, agile agile, programming, nosql, docker, node.js, agile agile, programming, nosql, docker, node.js, agile agile, programming, nosql, docker, spring, agile programming, nosql, docker, go, agile python, sql agile, algorithms, programming, agile leadership blockchain, programming, collaboration, rust, rust, rust, testing, blockchain programming, motivation c++, python microservices, programming, javascript, typescript, typescript, agile programming, nosql, docker, go, agile agile, programming, nosql, docker, java, javascript, agile agile, programming, nosql, docker, java, javascript, agile microservices, programming, javascript, typescript, typescript, agile microservices, programming, javascript, typescript, typescript, agile programming, nosql, docker, go, agile debugging, sql, problem-solving, leadership, communication, networking, writing, flexibility kotlin, kotlin, testing, automation, rust, kotlin, blockchain, go devops, sql, communication, devops, sql, devops, problem-solving"
Food and Beverage Manufacturing,"leadership, microservices, leadership, microservices, devops, react, react, problem-solving"
Food and Beverage Services,"javascript, testing, testing, innovation, angular, testing, css, sql, communication, tensorflow, communication, teamwork planning, ruby, programming, testing, collaboration, testing, agile, testing, leadership, communication, writing, flexibility, ruby, ruby planning, ruby, programming, programming, testing, collaboration, testing, agile, testing, communication, writing, flexibility, ruby, ruby"
Higher Education,"leadership, testing, sql, testing, sql, html, scripting, writing, java, java, interpersonal, sql, interpersonal innovation, react, programming writing, hardware, organization, problem-solving automation, communication, flexibility, decision-making automation, communication, flexibility, decision-making sql, testing, writing innovation, devops, devops, programming, programming, problem-solving, communication, interpersonal automation, communication, flexibility, decision-making automation, problem-solving, communication hardware, hardware, testing, problem-solving, programming, communication, planning, debugging, scripting, python"
Hospitality,"programming, python, agile, leadership, agile, leadership problem-solving, automation, testing, communication, agile, interpersonal, spring"
Hospitals and Health Care,"testing, nosql, java, react leadership, collaboration programming, agile, organization, organization, planning, agile, testing, creativity, innovation, leadership typescript, javascript, testing, flexibility, agile, agile, typescript, javascript, testing, automation automation, leadership, problem-solving, nosql, collaboration agile, vue, leadership, writing, devops, organization, leadership c++, hardware, testing, communication, leadership, collaboration, c++, agile leadership, collaboration testing, agile, communication, sql, testing, nosql testing, nosql, java, react organization, agile, testing, writing, algorithms, leadership, agile, planning, agile, c++, java, testing, communication, problem-solving, agile, networking, docker, leadership, communication, leadership interpersonal, communication, creativity programming, testing  agile, sql, networking, devops, automation, communication, collaboration, organization, leadership angular, angular, react organization, leadership, agile, agile, flexibility, flexibility, organization, leadership, programming, automation planning, leadership, interpersonal, planning, communication, planning, leadership, containerization, programming, programming"
Human Resources Services,"javascript, javascript, css, php, flask, communication, teamwork, writing, automation kafka, agile, programming, nosql, docker, agile leadership, agile, hardware, microservices, scripting, sql, programming, leadership programming, nosql, docker, agile programming, nosql, docker, agile programming, nosql, docker, agile programming, nosql, docker, agile programming, programming, programming, programming, algorithms, debugging, hardware, agile, communication, networking, testing, agile"
IT Services and IT Consulting,"innovation, collaboration, agile, communication, microservices, algorithms, sql, programming communication, sql, initiative, c# communication, problem-solving, networking automation, automation, automation, devops, creativity c#, vue organization, innovation, communication, java, automation, agile, programming, spring, spring, react, testing, devops, automation, scripting, agile, programming, html, css agile, leadership, communication, programming, agile, agile, java, spring, programming, testing innovation, automation, java, javascript, react, organization, agile, flexibility debugging, testing, hardware, testing, agile, agile, agile, agile, python, agile, interpersonal, presentation, communication algorithms, spark, spark, kafka, sql, writing, problem-solving, communication, flexibility java, spark, spark, kafka, problem-solving, communication, kubernetes, testing, flexibility innovation, creativity, innovation, collaboration, collaboration, programming, programming networking, c#, c#, programming, problem-solving, communication, collaboration automation, java, javascript, react, flexibility agile, javascript, testing, react, testing, problem-solving agile, typescript, typescript, typescript, javascript, programming, typescript, testing, problem-solving, typescript agile, containerization, docker, devops, scripting, containerization, docker, networking, problem-solving, communication, devops agile, javascript, programming, nosql, problem-solving agile, devops, containerization, docker, problem-solving agile, swift, programming, networking, problem-solving agile, testing, testing, testing, programming, testing, automation, testing, problem-solving, testing agile, react, laravel, php, laravel, php, programming, laravel, problem-solving, laravel agile, python, python, python, programming, programming, python, programming, problem-solving, python agile, spring, javascript, spring, problem-solving agile, asp.net, asp.net, c#, programming, programming, asp.net, asp.net, sql, problem-solving agile, r, algorithms, programming, algorithms, problem-solving agile, react, react, react, javascript, programming, react, testing, debugging, problem-solving, react agile agile, r, algorithms, algorithms, programming, algorithms, problem-solving agile, sql, r, programming, decision-making, sql, sql, programming, python, r, problem-solving agile, javascript, javascript, programming, problem-solving, javascript agile, java, java, programming, java, spring, problem-solving, java agile, r, algorithms, programming, algorithms, problem-solving agile, spring, javascript, spring, problem-solving agile, kubernetes, node.js, node.js, programming, containerization, docker, problem-solving, node.js agile, ruby, ruby, ruby, ruby, programming, problem-solving, ruby agile, javascript, programming, nosql, problem-solving agile, kotlin, java, programming, networking, problem-solving agile, php, programming, problem-solving, communication, leadership agile, javascript, writing, testing, agile    devops, programming, sql, nosql, containerization, problem-solving, communication leadership, leadership, ansible, kafka, collaboration, teamwork, java, sql, scripting, spring, kubernetes testing, testing java, spring, spring, kubernetes, sql, writing, agile, terraform agile, automation, leadership, agile, agile, agile, devops testing, leadership, leadership, motivation, sql, docker, agile, devops, angular, python programming, problem-solving, planning typescript, angular, containerization, node.js, containerization, problem-solving, communication, collaboration organization, teamwork, programming, kotlin, microservices c#, agile, c#, sql, debugging, sql, devops microservices, algorithms, programming programming, go, c++, kubernetes, kubernetes, initiative  c++, java, hardware, python, programming, programming, hardware, c++, programming, programming, programming, debugging hardware, c++  testing, agile, algorithms, agile, java, agile, programming, scripting, devops   communication testing, agile, algorithms, agile, java, agile, programming, scripting, devops testing, agile, agile, java, agile, programming, scripting, devops spring, agile leadership, organization, spring, spring, docker, kubernetes, docker, agile, kafka, terraform javascript java, java, spring, flexibility, microservices, spring, problem-solving, agile, communication, teamwork javascript, automation, agile, javascript, testing, scripting, typescript, testing, jenkins, docker, containerization, innovation, devops hardware, testing, testing, collaboration, programming, hardware, problem-solving, debugging, communication, java agile, django, agile, planning, programming, python, devops, problem-solving, communication automation, problem-solving, automation, automation, automation, automation, automation, debugging innovation, flexibility c++, java, communication, programming, testing, debugging planning, testing, programming, agile, node.js, communication leadership, java, spring, sql, spring, spring, jenkins, nosql, spark, spark, testing, automation, agile, problem-solving agile, automation, programming, terraform spark, kafka, kubernetes, networking, programming, automation, scripting, python, flexibility java, java, kafka communication, problem-solving, communication, nosql, agile, communication, nosql, problem-solving, communication, collaboration, agile spring, leadership, spring, leadership, innovation, testing, spring, microservices, leadership, communication, interpersonal, agile, devops, devops leadership, java, spring, sql, spring, spring, jenkins, nosql, spark, spark, testing, automation, agile, problem-solving writing, java java, devops, leadership, java, microservices collaboration, problem-solving, communication testing, testing, testing, communication organization agile, agile, communication, agile, go organization, spark, sql, agile, writing, organization, communication, leadership, networking, planning, innovation, go java, java, java, java, flexibility, flexibility problem-solving javascript, javascript, python, automation, automation, agile, automation, testing, automation, java, javascript, jenkins, automation, automation, agile innovation, leadership, innovation automation, testing, automation, networking, initiative programming, programming, problem-solving, agile programming, sql, communication, communication pytorch, tensorflow devops, innovation, organization, devops, agile, spark, problem-solving, communication, flexibility, spark, planning, innovation, go initiative, agile, organization, decision-making, programming, python, devops agile, agile, initiative automation, automation, testing, automation, testing, automation, problem-solving, testing, flexibility, collaboration hardware, programming, communication, sql, planning, devops automation, automation, automation, automation, automation, java, automation, java, communication, java, automation, automation, automation, automation, automation, automation, java, java, automation, java, automation sql, java, communication programming, programming, sql organization, c#, programming, java, react, agile, testing, programming organization, communication, programming, kubernetes, devops, devops angular, flexibility, testing, debugging, problem-solving, communication, react, javascript testing, testing, testing, automation, problem-solving, automation, problem-solving, flexibility, collaboration agile, agile, initiative flexibility, hardware, communication, cybersecurity, resilience, java flexibility, hardware, communication, cybersecurity, resilience, java hardware, programming, communication, sql, planning, devops spring, spring, spring, spring, spring, kafka, kafka, kafka, kafka, kafka, kafka asp.net, sql javascript innovation, java, leadership, agile, agile devops, writing, testing, communication, communication, interpersonal, testing, hardware programming, programming, programming, programming, communication, collaboration testing, programming, microservices, kubernetes, kafka c#, c#, writing, testing, asp.net, asp.net, sql, writing, programming, devops, debugging, problem-solving debugging, hardware, python, python, programming, debugging, hardware agile, nosql, programming go, algorithms, testing, testing, programming, c#, sql, testing, javascript, react, flexibility, innovation programming, programming, sql react java, sql, testing, agile, communication, java, microservices, sql java, java, spring, nosql, kafka, spring, agile, programming, spring, microservices, kafka, agile, html, java, leadership, collaboration automation, decision-making, automation, automation, testing, sql, automation, testing, jenkins, testing, sql, testing, html, communication, python, programming, programming, testing, writing, sql, html flexibility, flexibility, networking, programming, java, nosql, networking, java, java, programming, java, networking, programming, sql, nosql, networking, java, java, communication, presentation, communication, presentation, flexibility agile, spring, microservices, typescript, sql, nosql, problem-solving, debugging, communication, collaboration, devops, react, containerization, kubernetes, agile, planning, testing, java, spring, java, spring, microservices flexibility, flexibility leadership, containerization, testing, devops, python, sql, nosql, collaboration, agile, sql, nosql interpersonal, communication, agile, organization, interpersonal, communication, agile communication, leadership, c++, scripting, scripting, automation, agile programming, python, hardware, communication agile, agile, microservices, programming, testing, testing, php, sql, scripting, automation, leadership, flexibility agile, agile, spring, automation automation, writing, sql, sql, communication, sql, sql, communication java, spring, nosql, communication testing, javascript, programming, microservices, java, scripting, python, sql, sql, programming, java, interpersonal, communication, asp.net, asp.net, asp.net, c#, sql programming, problem-solving, communication leadership, initiative, programming, testing, debugging, programming, collaboration, agile, microservices, javascript, angular, css, css, testing, containerization, organization algorithms vue, communication, programming, debugging, devops, problem-solving, communication, go, flexibility programming, c++, programming, c++ testing, debugging, communication, spring, nosql programming, c++, programming, c++  programming, c++, programming, c++ javascript agile, programming, docker, kubernetes, automation java, kafka, go, python, writing, testing, leadership agile, spring, java devops, docker, react, spring, agile, devops automation, testing, testing, testing typescript, node.js, empathy, planning, organization, leadership agile, agile, communication java, java, leadership, java, java, leadership, java, java, java, containerization networking, agile, hardware, hardware, debugging algorithms, hardware, algorithms, hardware, algorithms, hardware, c++ java, react, java, spring, microservices, angular, problem-solving, communication, leadership, agile react, react automation, programming, scripting, python, python, testing, sql, sql, writing, automation, automation, automation, agile, agile java, java devops, communication, programming, typescript, angular testing, automation, testing, testing, testing, testing, testing, testing, testing, testing testing, automation, testing, testing, jenkins, testing, testing, testing, testing, testing, testing kubernetes, communication, kubernetes, programming, go, kubernetes, kubernetes, problem-solving, teamwork, communication, programming python, python, python, microservices, programming, programming, python, microservices angular, testing, angular, debugging, agile algorithms, spark writing, agile, automation, agile, devops, collaboration, interpersonal testing, testing, go agile, testing, sql, interpersonal, agile, go agile, communication, nosql, hadoop, planning, innovation, go communication, sql, sql, writing programming, jenkins, programming, jenkins, devops, organization sql, sql, sql, sql, sql, sql, sql, python, react, agile organization, agile, communication, organization"
IT System Custom Software Development,"sql, sql, javascript, sql, sql, problem-solving, communication, collaboration, javascript, decision-making, javascript c++, programming, c++, programming, c++"
Industrial Machinery Manufacturing,"scripting, testing, debugging, testing, automation, programming"
Information Services,"algorithms, writing, algorithms, testing, python, scripting, scripting automation, testing, programming, python, sql, agile, sql, python, python, sql, testing, python, programming, testing, javascript, python, automation, automation, python, sql, agile, automation, testing, automation, java, javascript, jenkins, automation, automation, agile, automation, testing, testing, sql, automation, communication, java, programming, testing, sql, automation, automation java, java, automation, programming, jenkins, automation agile, communication, agile, problem-solving, communication, microservices, sql, agile, creativity sql, asp.net initiative, php, php, javascript, testing, php, bash, javascript, css sql, testing, communication, testing, sql, asp.net angular, asp.net, c#, sql, agile, asp.net, sql, writing, punctuality javascript, testing, sql debugging, programming, problem-solving, communication sql, networking, automation, automation, devops, c#, python, angular, angular, angular, c#, python, docker agile, agile, flexibility, automation, programming, c#, sql, agile, agile"
Information Technology & Services,"java, java, sql  java, java, java programming, communication, problem-solving teamwork, testing, agile, react, testing, react, testing, agile, organization java, java, spring, kafka, angular, html, css, jenkins agile, devops, problem-solving, collaboration programming, programming, problem-solving, agile, communication, interpersonal"
Insurance,"communication, java, kubernetes, containerization, interpersonal, communication, interpersonal, initiative java, agile, java, planning, leadership, programming, writing, java, spring, spring, spring, spring, spring, spring, spring, testing, nosql, testing, devops, kafka node.js, react, initiative, decision-making, interpersonal, communication, problem-solving css, agile, devops, testing, agile, programming, debugging agile, hardware, programming, sql, sql, agile, automation, devops, communication, organization, flexibility, initiative organization, communication, organization, organization, agile, communication, flexibility, java, react, sql, spring, flexibility, java organization, testing, writing, programming, problem-solving, communication devops, collaboration, automation, innovation, programming, problem-solving, communication java, agile, spring, kafka, spring, java, java, angular, spring, spring, writing, spring, problem-solving, jenkins, spring, spring, spring testing, agile, testing, react, microservices, agile, organization, communication, terraform, initiative agile, devops, problem-solving, microservices, programming, innovation planning, collaboration, programming, writing, microservices, java, spring, java, spring, react, testing, programming, agile, initiative agile, programming, leadership testing, agile, programming, debugging, sql, sql testing, agile, programming, debugging, sql, sql decision-making, leadership, organization leadership, leadership, agile, devops, docker, python, leadership, java, java, java, devops, scripting, organization planning, initiative, agile, agile, planning, angular, agile, react, react, devops testing, agile, javascript, angular, programming, debugging agile, devops, python, adaptability, programming innovation, organization, javascript, negotiation, debugging, communication, leadership"
Internet Marketplace Platforms,"automation, testing, communication, python, programming, programming, hardware, encryption, communication, automation, collaboration, go, hardware, hardware, hardware, python, programming java planning, planning java microservices, python python, microservices  "
Internet News,"writing, testing, automation, writing, debugging, automation, python, testing, testing, testing, automation, agile, listening, communication planning, leadership, collaboration, testing, typescript, angular, nosql, collaboration"
Internet Publishing,"spark, react, react, communication, teamwork, networking"
Investment Management,"writing, programming, problem-solving, communication testing, programming, sql, testing, programming, interpersonal, communication, testing java, problem-solving, communication"
Law Practice,"innovation, collaboration, leadership, leadership, initiative, organization, c#, devops, devops, devops"
Machinery Manufacturing,"testing, leadership, programming, hardware agile, programming, algorithms, programming, sql, problem-solving, automation, angular"
Manufacturing,java
Maritime Transportation,"collaboration, programming, spring, communication, spring, debugging, java collaboration, programming, spring, debugging, spring, debugging, spring, react, sql, programming, java, communication, communication, programming"
Market Research,"organization, agile, programming, scripting, organization"
Media Production,"devops, javascript, html, css, scripting"
Medical Equipment Manufacturing,"organization, testing, organization, c++, css, jenkins, devops, problem-solving, leadership, react, angular, automation, sql, microservices teamwork, organization, organization, debugging, automation, interpersonal, communication, devops, scripting, flexibility testing, testing, flexibility leadership, sql c++, c++, interpersonal, agile, debugging, hardware, scripting, c++, interpersonal, communication  collaboration, testing, problem-solving, sql, communication communication, leadership, agile innovation, go, programming, hardware, c++, communication, c#, writing, ruby, communication innovation, go, debugging, communication, hardware, programming, c++, writing, debugging, ruby, communication, debugging leadership, c#, asp.net, sql, c#, asp.net, javascript, angular, sql, communication, interpersonal, agile c++, c++, programming, hardware, c++, agile, communication, leadership agile, python, programming, communication, testing, testing"
Mental Health Care,"collaboration, leadership, planning, containerization, kubernetes, planning"
Mining,"testing, problem-solving, debugging, testing, devops, writing, angular, sql, sql testing, communication, innovation"
Motor Vehicle Manufacturing,"programming, debugging, scripting, testing python, agile, programming, python, react, devops, docker, docker, agile, communication, presentation, listening testing, writing, testing, java, angular, spring, agile, agile, problem-solving programming, nosql, agile, programming, programming, programming, java, spring, writing, testing, communication, teamwork, interpersonal, problem-solving, sql, sql, agile agile, planning, leadership, java, sql, terraform, scripting, automation, communication leadership, agile, microservices, java, spring, spring, spring, java, kotlin, python, angular, react, vue, programming, terraform, agile, agile, problem-solving communication, nosql, python, docker, kubernetes, terraform, jenkins agile, planning, leadership, java, sql, terraform, scripting, automation, communication automation, programming, programming, sql, programming, communication, problem-solving, programming, java, react automation, spring, devops, agile, spring, spring, jenkins agile, agile, java, spring, nosql, communication, java agile, programming, python, react, devops, docker, docker, agile, communication, presentation java, spring, nosql, communication, listening automation, automation, programming collaboration, asp.net, sql, sql, java, devops, programming, problem-solving, communication, interpersonal, communication collaboration, organization, programming, programming, java, testing, problem-solving, communication, interpersonal, organization microservices, testing, programming, programming, sql, nosql, agile, programming, problem-solving, communication, teamwork, interpersonal spring, planning, agile, agile, planning, problem-solving, communication, teamwork"
Musicians,"teamwork, leadership, collaboration, java, blockchain, go"
Non-profit Organizations,"testing, programming, debugging, agile, problem-solving, java, angular, testing, automation, testing"
Oil and Gas,"debugging, debugging java, java, microservices, spring, java, programming, microservices, spring, java, programming, problem-solving, communication, collaboration organization, empathy, agile, leadership, networking, programming, java, programming, communication, networking, programming, java, programming, go"
Outsourcing and Offshoring Consulting,"hardware, hardware, hardware, hardware, hardware, hardware"
Pharmaceutical Manufacturing,"devops, spring, spring, nosql, angular, typescript, problem-solving"
Professional Services,"go, java, java, java, java, angular, leadership"
Public Safety,"planning, agile, hardware planning, agile, hardware programming, python, testing, communication"
Real Estate,"asp.net, asp.net, react, react, node.js, planning, communication collaboration, programming, writing, sql, writing, organization, devops, communication, organization flexibility, testing, innovation, communication, organization css, css, microservices, kubernetes, css, agile"
Renewable Energy Power Generation,"hardware, communication, hardware, programming, programming, hardware, testing hardware, hardware, programming, programming"
Research Services,"agile, c++, programming, debugging, hardware, agile, scripting, c++, agile problem-solving, algorithms, hardware, hardware, programming, programming, organization, hardware, leadership, communication problem-solving, hardware, testing, programming, programming, programming, programming, algorithms, debugging, hardware, hardware, programming, testing, programming problem-solving, testing, programming"
Restaurants,"writing, testing, agile, agile, programming, leadership"
Retail,"innovation, cybersecurity planning, agile, angular, automation, nosql, communication, agile java, planning, testing, automation, testing, automation, react, sql, communication, communication, problem-solving, java, sql, javascript, sql innovation, writing, debugging, agile, communication, terraform testing, testing, kubernetes, kafka, automation, automation, spring, spring, microservices, java, docker, scripting, automation react, programming, testing, testing, java, javascript, css, javascript, testing, writing programming, testing, testing, react programming, testing, testing automation, testing, programming, flexibility leadership, testing, planning, communication, collaboration, programming, testing organization, automation, programming, python, microservices, containerization, docker, cybersecurity leadership, testing, planning, communication, collaboration, programming, testing swift, java, communication, collaboration, sql, organization, hardware, hardware, hardware sql, sql, communication, flexibility, automation, writing, sql, sql, communication leadership, leadership, programming, programming, problem-solving programming, programming, encryption, communication, programming organization, problem-solving, nosql, python, communication, collaboration, cybersecurity organization, python, testing, cybersecurity programming, testing, testing programming, testing, testing, javascript, javascript programming, testing, testing, java, spring, testing, agile, agile, jenkins, angular, spring testing, testing, spring, nosql, testing testing, testing, angular, javascript, typescript, react, containerization, docker devops, devops, problem-solving, initiative, cybersecurity, networking communication, leadership, leadership, java, agile"
Retail Apparel and Fashion,"collaboration, agile, communication, problem-solving"
Retail Office Equipment,"algorithms, scripting, nosql, sql"
Robotics Engineering,"programming, automation, teamwork, programming, python, hardware, networking"
Semiconductor Manufacturing,"innovation, flexibility, algorithms, communication, flexibility programming, c++, programming, c++ algorithms, hardware, algorithms, hardware, hardware, c++, programming, programming, hardware, programming testing, problem-solving, communication, collaboration hardware, programming, c++, agile, devops, hardware, programming networking, virtualization, networking, innovation, java, leadership, leadership, virtualization, collaboration, innovation, nosql, flexibility, spring, virtualization, leadership, communication automation, automation, automation, testing, leadership, communication, programming, interpersonal, agile virtualization, debugging, programming, writing, programming, python, scripting, networking"
Software Development,"c#, c#, communication  leadership, innovation, react, javascript, testing, react, testing, testing, innovation automation, automation, automation, automation, automation, problem-solving, communication, containerization, docker, devops programming, programming agile, innovation, writing, testing, c#, nosql, testing, agile typescript, react, communication, collaboration collaboration, organization, innovation, collaboration, leadership, agile, interpersonal, devops, automation, collaboration organization, agile, organization, ruby, typescript, ansible, agile, creativity, agile, flexibility, innovation, planning  javascript, react, communication, empathy organization, testing, machine-learning networking, writing, programming, c++, programming programming, programming, programming, problem-solving, communication, teamwork leadership, sql, communication, communication, testing  collaboration, organization, innovation, collaboration, leadership, agile, interpersonal, devops, automation, collaboration agile, collaboration, programming, javascript organization leadership, python, python spring, programming, programming, sql, programming, sql, problem-solving, communication, interpersonal, innovation ruby, javascript, algorithms collaboration, java organization, planning, automation, devops, terraform, kubernetes, microservices, testing, communication automation, planning, programming, devops, communication, collaboration collaboration, collaboration, writing, python, writing automation, planning, programming, devops, communication, collaboration empathy, go, innovation, initiative networking innovation, testing, innovation, devops, html, css, html, devops, docker, leadership, debugging, node.js, docker java, java, spring, sql, problem-solving networking, java, c++, organization, communication, nosql, jenkins, agile, flexibility agile, planning, initiative, java, programming, networking, leadership, communication, programming, debugging, flexibility algorithms, testing, algorithms, algorithms, algorithms algorithms, testing, algorithms, algorithms, algorithms networking, java, c++, organization, communication, nosql, jenkins, agile, flexibility react, react, react, writing, communication, react, programming, react, react, react, devops, sql, automation testing, networking communication, leadership, agile c++, c++, programming, problem-solving, sql, sql, debugging, communication, planning testing, communication, flexibility, react creativity, innovation, testing, communication, svelte, svelte, typescript, go, programming, go, programming, docker automation, communication, communication, problem-solving, react, python, go, flexibility, algorithms node.js, django, organization node.js, communication, typescript, angular, nosql, communication, html  testing, programming, java, communication, debugging hardware, hardware, hardware, c#, hardware agile, flexibility, go, writing, encryption, agile, typescript, docker, devops javascript, typescript, collaboration leadership, organization, agile, agile, communication cybersecurity, agile, debugging, testing asp.net, asp.net creativity, creativity, programming, creativity creativity, creativity, programming, creativity programming, networking, networking, collaboration, scripting, bash, automation, scripting, debugging writing, c#, testing, communication, programming, nosql communication, programming, leadership agile, spring, c#, programming, agile, leadership, organization react, agile, programming, react, react, asp.net, testing, docker, hardware  collaboration, c#, writing, problem-solving, problem-solving, javascript spark, testing, c#, sql, nosql microservices, programming, microservices, containerization, problem-solving, communication, agile, leadership writing, typescript, next.js, writing, communication, collaboration, innovation ruby, testing, ruby, problem-solving, communication, collaboration resilience, communication, agile ruby, ruby, ruby, ruby, ruby, communication, programming, debugging, testing, testing, communication, collaboration, javascript communication, java, programming, sql, nosql, sql, c++, programming, kafka c++, writing, c++, go algorithms, algorithms, python, cybersecurity organization, agile, organization, leadership, planning, agile, collaboration, agile, communication, innovation agile, leadership, microservices, collaboration, devops, automation, innovation, programming, agile, javascript, microservices, sql leadership, planning, leadership, programming, docker, communication, communication, c#, python, devops, devops, agile organization, automation initiative, organization, innovation, initiative, creativity, innovation, programming, swift, flexibility agile, writing, java, containerization, docker, communication containerization, communication, networking, networking, networking, communication, networking, collaboration, hardware, testing, virtualization, networking, problem-solving, communication, hardware, hardware planning, planning, automation, c++, automation collaboration react, typescript, node.js, planning, go collaboration, collaboration, writing, java, algorithms, debugging collaboration, collaboration, writing, react, typescript, algorithms, javascript, testing, programming networking, go, scripting, ansible, virtualization, communication, flexibility algorithms, algorithms, python, cybersecurity collaboration, sql, java, javascript, programming, communication, sql, sql, java express, javascript, javascript, programming, javascript, microservices, nosql automation, css, flexibility testing, teamwork, docker, containerization, scripting, communication, debugging c#, agile, agile, agile, programming, c#, html, problem-solving writing, python, python, sql, nosql, react organization, networking, leadership, collaboration, communication, scripting, programming, programming, programming, debugging, networking, programming, programming, agile organization, c++, c++, collaboration spark, kubernetes, networking, programming, automation, scripting, python javascript, testing, containerization, agile, python, javascript ruby, agile, leadership, ruby, testing, agile, agile, planning, leadership, innovation, kubernetes, communication, collaboration, problem-solving, communication, problem-solving, adaptability, ruby, agile, communication, agile testing, kotlin, writing, collaboration, communication java, spring, problem-solving, communication c#, c#, devops, devops, sql, sql, sql, leadership, problem-solving, problem-solving, communication, communication, collaboration, creativity, python, r organization, innovation, agile, javascript, typescript organization, python, devops, agile cybersecurity, agile, debugging, testing algorithms, algorithms, hardware, agile agile, agile, automation, problem-solving, communication, decision-making, agile, automation, innovation writing, programming java, python, typescript, innovation, problem-solving, spring, spring, testing, problem-solving, problem-solving, java programming, nosql, agile, programming, programming, programming, java, spring, writing, testing, communication, teamwork, interpersonal, problem-solving, sql, sql, agile writing, programming, microservices, testing, testing, automation, testing, sql, communication, communication, spring, innovation, innovation automation, programming, programming, sql, programming, communication, problem-solving innovation, testing, testing, angular, organization python, programming, python node.js, react, problem-solving, go, devops problem-solving, communication, algorithms, networking, hardware, communication algorithms, innovation, typescript java, java, scripting, python sql, react, sql, kubernetes, sql, sql, debugging, sql, sql, leadership, programming, java, sql, sql leadership, python, collaboration, decision-making, writing, flexibility testing, writing, planning, automation, testing, testing, testing, automation, c#, writing, testing, automation, testing, typescript, leadership, planning writing, c#, innovation, leadership nosql, sql, nosql, programming, problem-solving automation, automation, automation, python, containerization, agile, programming organization, communication, ruby, ruby, communication, leadership programming, javascript, node.js, organization, typescript, c# go, debugging, python, python, django, planning, flexibility, planning agile, communication, automation, debugging, agile, sql, automation, flexibility testing, angular, agile, collaboration innovation, debugging, php, programming, agile, empathy, decision-making, initiative, laravel, sql, communication, collaboration, agile, collaboration java, spring, angular, agile, microservices, communication, writing, writing algorithms, programming, problem-solving, innovation java, javascript, sql, nosql, spring algorithms python, python, communication, go automation, testing, testing, automation, testing, testing, testing, testing, automation, testing, automation, testing, agile, devops, programming, javascript, automation, agile, leadership, planning innovation listening, automation, collaboration hardware, hardware, organization, hardware, communication empathy, planning, sql, nosql, programming agile, organization, debugging, c#, problem-solving, debugging innovation, organization, communication, debugging, python, react, agile, agile, programming, problem-solving, communication innovation, testing, planning javascript, node.js, react, decision-making, programming programming, c++, programming, rust, problem-solving  encryption, agile, planning, devops, sql, testing testing, leadership, programming, java, agile, leadership django express, problem-solving express, problem-solving c#, asp.net, sql, communication programming, programming, python, problem-solving, communication, teamwork, programming programming, programming, agile, testing, programming, angular, sql, agile, testing, communication innovation, testing, testing, react, vue, testing, react, vue organization, programming, algorithms, debugging innovation, planning, microservices, planning, automation, planning, automation, automation, planning, organization, agile, agile innovation, planning, microservices, planning, automation, planning, organization, agile organization hardware, organization, debugging, debugging, writing hardware, hardware, initiative, organization, hardware, scripting, python, collaboration, communication organization, leadership, organization, agile organization, algorithms, debugging testing, rust, typescript, node.js automation, automation, automation, automation, programming, automation, automation, automation, automation, programming, problem-solving, interpersonal, containerization, virtualization java, spring, java, microservices, agile, spring, spring, problem-solving, java, spring, spring, node.js, docker, kubernetes, containerization containerization, communication, collaboration swift, programming, innovation, swift, programming, problem-solving, communication, cybersecurity spark swift, programming, innovation, swift, programming, problem-solving, communication, cybersecurity innovation, sql, angular, leadership, angular, agile, planning, leadership, sql, javascript, angular, css, bootstrap, testing, testing, communication, leadership, problem-solving, flexibility networking, networking, networking, networking, organization, automation, scripting, agile, communication react, go, react, javascript, agile, kotlin swift, communication, programming, planning agile, java, spring, agile, agile, communication, programming, scripting, docker, kubernetes, testing, nosql devops, leadership, devops, devops, devops, devops, agile organization, flexibility, teamwork, react, testing kubernetes, java kubernetes, java collaboration, java typescript, react, ruby algorithms, docker, initiative python, python, python, microservices, problem-solving, sql writing, kubernetes, listening, flexibility organization, go, go, programming, communication, planning communication, initiative, interpersonal, teamwork, testing, innovation, teamwork organization"
Staffing and Recruiting,"cybersecurity, python, cybersecurity c++, algorithms, python, innovation java devops, automation, javascript, collaboration, communication, agile algorithms, algorithms, c++ automation, automation, automation, automation, automation, problem-solving, communication, containerization, docker organization, c#, sql, asp.net, javascript, hardware, hardware, communication organization, leadership, agile, agile, agile organization, planning, go, java, scripting, problem-solving, agile, communication organization, flexibility, c#, programming, terraform, react problem-solving, adaptability, communication, interpersonal, writing sql, c#, docker python, programming, testing, testing, testing, programming, python, programming, c++, programming problem-solving, communication, agile, sql, devops node.js, kafka collaboration, organization, typescript, python, algorithms, agile, agile node.js agile, spring, devops, leadership, leadership, spring, devops, sql, nosql, agile go, programming, python, flexibility go, programming, python, flexibility hardware, typescript, node.js, programming, programming, react, devops communication, innovation, debugging, scripting, bash hardware, typescript, node.js, programming, programming, react testing, programming, angular, sql, nosql programming, python, programming hardware, typescript, node.js, programming, programming, react leadership, communication, c++, presentation c#, sql, programming, scripting, communication, organization, organization agile, devops, sql debugging hardware writing, c++, c++, c++, python, scripting, automation, ruby, c++, c++, go, java, python, kafka, c++, cybersecurity testing, automation, programming, testing, debugging programming, java, terraform sql, sql, javascript, sql programming sql, sql, javascript, sql, javascript agile, agile, spring, microservices, programming, debugging, communication, teamwork, jenkins, agile, testing, initiative python, django, sql, python, django, sql, writing, python, django agile, devops, sql sql, asp.net, sql, sql angular, python, angular, python, angular, angular, angular, python, nosql  organization, flexibility, c++, communication, c++, communication agile, initiative, programming, automation, devops, testing, testing organization, flexibility, c++, communication, communication agile, agile, agile, agile, programming, writing, problem-solving, agile, scripting testing, hardware, communication, testing, communication, programming, communication, programming communication, networking, testing, agile communication  organization, leadership, leadership, encryption organization, programming, leadership, kubernetes testing, automation, programming, programming, debugging, testing, debugging hardware, leadership, c++, programming, programming, communication, interpersonal, leadership   java java, java, c++, java collaboration agile, communication, go, agile, agile, testing, communication c++, c++, hardware, c++, programming, agile, hardware, problem-solving, communication flexibility, testing, communication, programming, programming, writing, planning flexibility, hadoop, communication, spark, hadoop, spark, writing, planning, organization, programming"
"Technology, Information and Internet","collaboration, planning, sql, java, docker, testing testing, presentation initiative, programming, leadership, innovation, leadership, programming, agile, communication, interpersonal, networking organization, leadership, programming, c#, nosql, problem-solving organization, algorithms, leadership organization, algorithms, leadership planning, planning, collaboration, agile, writing leadership, innovation, leadership, innovation, collaboration, leadership, leadership, problem-solving, leadership, programming, containerization, containerization, agile, problem-solving, python, react, react, initiative, flexibility, collaboration, swift, creativity, innovation collaboration, debugging, c++, java, communication, agile c#, testing, communication, programming, presentation, sql, devops, c++, agile, scripting, java, communication testing, testing, testing, programming, programming, testing, agile, communication, collaboration debugging asp.net, asp.net, sql, microservices, sql, algorithms, asp.net, sql, microservices, sql, algorithms  programming, node.js, javascript, svelte, sql, decision-making automation, c#, sql, sql, sql, automation, jenkins, automation, automation, automation, programming, java, python, automation, automation, automation, problem-solving, automation, agile, communication, interpersonal, problem-solving automation, testing, automation, testing, testing, testing, testing, agile, testing, automation, automation, automation, organization php, php, decision-making, php, programming, communication, collaboration, php, innovation collaboration, initiative, initiative, collaboration, communication, blockchain, go collaboration, initiative, initiative, collaboration, communication, blockchain, go communication, leadership, laravel, agile devops collaboration, initiative, initiative, collaboration, communication, blockchain, go writing, agile, programming, testing, java, agile, agile agile, programming, decision-making, programming, spring agile, algorithms, java, python, javascript, react, programming, agile, react, javascript, automation, agile, agile, communication, testing agile, algorithms, programming, java, microservices, spring, spring, spring, spring, spring, testing leadership, spring, interpersonal, communication, decision-making java, algorithms, agile, communication testing, asp.net, c# planning, swift, testing, hardware programming, writing, communication, writing, communication, debugging, writing, communication, collaboration collaboration, initiative, initiative, problem-solving, communication, blockchain, go collaboration, initiative, initiative, problem-solving, communication, blockchain, go collaboration, initiative, initiative, problem-solving, communication, blockchain, go organization python, sql, flexibility c++, debugging, python, pytorch, c++ ruby, ruby, react, javascript, ruby agile, communication, problem-solving agile, agile, problem-solving, java, sql programming, writing, communication, writing, communication, debugging, writing, communication, collaboration programming, writing, communication, writing, communication, debugging, writing, communication, collaboration programming, writing, communication, writing, communication, debugging, writing, communication, collaboration programming, writing, communication, writing, communication, debugging, writing, communication, collaboration programming, java, kotlin, testing, programming programming, java, kotlin, testing, programming kotlin, testing, empathy, kotlin, agile, programming, collaboration, organization creativity, creativity, sql, nosql, testing, javascript, django, writing, creativity, problem-solving, creativity agile, programming, decision-making, spring, kubernetes, automation, python agile, java, agile, agile, testing"
"Technology, Information and Media","writing, writing, problem-solving automation, python, testing, python, django, nosql, problem-solving, communication decision-making, communication, collaboration, communication, ruby, react java organization, problem-solving, microservices, writing, java, rust, agile, agile, communication, flexibility communication, interpersonal, testing, hardware kubernetes, networking, programming, automation, python hardware, ruby, javascript"
Telecommunications,"automation, python, python c++, programming, problem-solving, communication programming, decision-making, communication testing, programming, java, sql programming, programming, programming, scripting, programming c++, programming, problem-solving, communication"
"Transportation, Logistics, Supply Chain and Storage"," collaboration, leadership, collaboration, python, devops, go java, sql, programming, testing, sql, java, sql, automation"
Truck Transportation,"agile, programming, agile, testing, testing, agile, communication, programming, java, c#, html, angular, testing, sql, nosql, containerization organization, organization, agile, go, leadership, sql, leadership, testing, devops, organization, leadership, sql, containerization, agile, microservices, communication, organization agile, planning, agile, planning, automation, communication"
Utilities,"hardware, testing, communication, decision-making, planning, programming, c++ testing, debugging, problem-solving, teamwork, sql, nosql, sql, programming, agile, testing, testing, programming, initiative, agile, negotiation, collaboration"
Veterinary Services,"javascript, react, programming, java, spring, node.js, sql, agile"
Wellness and Fitness Services,teamwork communication communication
Wholesale Building Materials,"react, php, css, communication, teamwork, problem-solving, php, leadership"
Writing and Editing,"node.js, java"
